Num Heteroatoms,Num Hydrogen Bond Acceptor,LogP,Num Rotatable Bonds,Num Aromatic Heterocycles,Num Lipinski HB Donor,Num Atoms,Num Lipinski HB Acceptor,Num Rings,Num Heterocycles,Mol Wt,Labute ASA,Num Aromatic Rings,Topological Polar SA
0.4082482904638631,0.4082482904638631,0.15325545100189406,0.5976143046671968,0.6454972243679028,-0.6454972243679031,0.6263765644712508,0.8475793795260127,0.6454972243679027,0.6454972243679028,0.404174679690916,0.5053656942568193,0.6454972243679027,0.911214511283667
-1.2247448713915892,-1.2247448713915892,-1.3177211566654612,-0.5976143046671968,-1.2909944487358054,1.2909944487358054,-1.0819231568139782,-1.1866111313364185,-1.2909944487358058,-1.2909944487358054,-1.101681458399236,-1.0801760404010128,-1.2909944487358058,-0.8562468138659468
1.2247448713915892,1.2247448713915892,0.6633410600336854,0.5976143046671968,0.6454972243679028,-0.6454972243679031,0.6263765644712508,0.8475793795260127,0.6454972243679027,0.6454972243679028,0.8740753865945592,0.7358233532133399,0.6454972243679027,0.911214511283667
0.4082482904638631,0.4082482904638631,1.0714095472591187,0.5976143046671968,0.6454972243679028,-0.6454972243679031,0.284716620214205,-0.1695158759052029,0.6454972243679027,0.6454972243679028,0.5209146440255622,0.41379733907505095,0.6454972243679027,-1.0211499061190927
0.4082482904638631,0.4082482904638631,0.5778672552770069,0.5976143046671968,0.6454972243679028,-0.6454972243679031,0.9680365087282966,0.8475793795260127,0.6454972243679027,0.6454972243679028,0.7339262597220312,0.8744806915538125,0.6454972243679027,0.911214511283667
-1.2247448713915892,-1.2247448713915892,-1.148152156906244,-1.7928429140015905,-1.2909944487358054,1.2909944487358054,-1.4235831010710238,-1.1866111313364185,-1.2909944487358058,-1.2909944487358054,-1.4314095116338306,-1.449291037698006,-1.2909944487358058,-0.8562468138659468
